Freddy Flax, 54
Mordenor, 54
Justas 914, 54
Tristarr, 54
poulli, 54
harshsree, 54
Yellow Speedo, 54
Mamasita Armata, 53
JusteClem, 53
grund z, 53
Subtill, 53
MFker RR, 53
Papasito mathewro, 53
JASON FOREVER, 53
Testplay, 52
Marv x, 52
Tatar safa, 52
Tkssc, 52
Qoro, 52
Killercrew1, 52
GimlyR, 52
yespa31, 51
Pikachu, 51
linkan, 51
CrazyFoxUK, 51
Ubke, 51
xTc Neeko, 51
Subothaix, 51
JASEM 2024, 50
Zubushhko, 50
ItsLinnaa, 50
lanyh28, 50
ReNTaK, 50
Smika, 50
Relaxing Eevee, 50
Hicio, 49
Michael Breizh, 49
harshsree, 49
Vehaboman, 49
BENJI, 49
joki101, 49
Luffeleif, 49
Béarn, 48
Mordenor, 48
Yellow Speedo, 48
LuismilM, 48
Walker0316, 48
JusteClem, 48
willempju, 48
Boris, 47
diearchers, 47
Killercrew1, 47
budda 84, 47
Justas 914, 47
PlayFree, 47
Freddy Flax, 47
LianneS, 46
Kevin, 46
Atesz26, 46
Maugan97, 46
KWest, 46
Qoro, 46
Subtill, 46
Cold Harbor, 45
LJ Mc, 45
Mayak Echo, 45
DSUPREMER, 45
SuDrAn, 45
Atilla, 45
Masillia13, 45
verderet, 44
Vehaboman, 44
poulli, 44
grund z, 44
Marv x, 44
Jason vodB, 44
ItsLinnaa, 44
JASEM 2024, 43
The White Death1, 43
Hadrons1, 43
Dangler Danger, 43
xTc Neeko, 43
HUSSEIN, 43
LuismiLM, 43
VolC, 42
Killercrew1, 42
willempju, 42
jmcro, 42
HUBBA, 42
budda 84, 42
Tatar safa, 42
Apa azert iszik mert, 40
diearchers, 40
GimlyR, 40
just Vik, 40
Josh Son of Lucifer, 40
The king 00, 40
Luffeleif, 40
Mordenor, 39
tenore79, 39
Toni Montano, 39
ItsLinnaa, 39
SergeantLoki, 39
Yellow Speedo, 39
Nickv101, 39
Subtill, 38
Honor and peace, 38
Freddy Flax, 38
LuismiLM, 38
Smika, 38
LongliveOzzy, 38
CrniSoko, 38
Борис35, 37
Fildic, 37
grund z, 37
Annas7592, 37
joki101, 37
Ubke, 37
Qoro, 37
Justas 914, 36
SuDrAn, 36
xTc Neeko, 36
just Vik, 36
Vehaboman, 36
otto9due, 36
Tkssc, 36
Hubba, 35
The king 00, 35
poulli, 35
JamJamMusic, 35
Locopuff, 35
Tatar safa, 35
Walker0316, 35
Pikachu, 34
yespa31, 34
Gogo, 34
Luison III, 34
Béarn, 34
Apa azert iszik mert, 34
ShiMer, 34
Smika, 33
ItsLinnaa, 33
SergeantLoki, 33
Yellow Speedo, 33
Jason vodB, 33
Aston Villa Fan, 33
Michael Breizh, 33
LianneS, 32
Fildic, 32
Maugan97, 32
Qoro, 32
Nickv101, 32
LuismilM, 32
RRGM, 32
linkan, 31
Justas 914, 31
gülserenn, 31
Subtill, 31
Emma8501, 31
JohnnyBly, 31
xTc Neeko, 31
grund z, 30
Tkssc, 30
Tristarr, 30
Hubba, 30
poulli, 30
Freddy Flax, 30
Locopuff, 30
Walker0316, 29
MattmanForever, 29
xTc Neeko, 29
CrniSoko, 29
joki101, 29
just Vik, 29
Vehaboman, 29
Pikachu, 28
ItsLinnaa, 28
Béarn, 28
otto9due, 28
Smika, 28
Tatar safa, 28
SuDrAn, 28
Marv x, 27
Testplay, 27
19Chappers93, 27
SergeantLoki, 27
Aegirrr, 27
ShiMer, 27
Fildic, 27