54,Yellow Speedo
54,Justas 914
54,ItsLinnaa
54,Michael Breizh
54,Qoro
54,GimlyR
54,joki101
54,harshsree
54,Aegirrr
54,willempju
54,Duke of Danger
54,Mordenor
54,Killercrew1
54,xTc Neeko
54,Painspp
54,Maugan97
54,otto9due
54,verderet
54,Atesz26
54,LuismiLM
54,Mamasita Armata
54,Apa azert iszik mert
54,Freddy Flax
54,BENJI
54,LongliveOzzy
54,Walker0316
54,Vehaboman
54,Luffeleif
54,Tristarr
54,poulli
53,JusteClem
53,v 亗 Ov
53,Tkssc
53,V ol C
53,Smika
53,Yellow Speedo
53,Killercrew1
53,grund z
53,Zubushhko
53,Ianyh28
53,Hadrons1
53,willempju
53,JASON FOREVER
53,B01N1K
53,poulli
53,KWEST
53,Toni Montano
53,The White Death1
53,ItsLinnaa
53,MFker RR
53,GimlyR
53,Atesz26
53,Freddy Flax
53,verderet
53,Michael Breizh
53,Mamasita Armata
53,Playfree
53,Papasito mathewro
53,Relaxing Eevee
53,Subtill
52,Walker0316
52,Pikachu
52,Yellow Speedo
52,ReNTaK
52,B01N1K
52,budda 84
52,Freddy Flax
52,Qoro
52,GimlyR
52,JASON FOREVER
52,ItsLinnaa
52,Holess
52,Killercrew1
52,Hicio
52,Tatar safa
52,Zubushhko
52,LianneS
52,Béarn
52,Tkssc
52,yespa31
52,willempju
52,Marv x
52,Nikolay25
52,grund z
52,Testplay
52,JusteClem
52,SuDrAn
52,otto9due
52,Dukė of Danger
52,The White Death1
51,Mamasita Armata
51,MFker RR
51,Freddy Flax
51,JusteClem
51,Yellow Speedo
51,Papasito mathewro
51,Pikachu
51,poulli
51,CrazyFoxUK
51,Killercrew1
51,LJ Mc
51,Smika
51,linkan
51,Subtill
51,Tristarr
51,Relaxing Eevee
51,yespa31
51,grund z
51,willempju
51,Vehaboman
51,tenore79
51,Luffeleif
51,Ubke
51,Dukë of Danger
51,LuismiLM
51,verderet
51,Subothaix
51,xTc Neeko
51,Béarn
51,Mordenor
50,skip1
50,skip2
50,skip3
50,skip4
50,skip5
50,skip6
50,skip7
50,skip8
50,skip9
50,skip10
50,skip11
50,skip12
50,skip13
50,skip14
50,skip15
50,skip16
50,skip17
50,skip18
50,skip19
50,skip20
50,skip21
50,skip22
50,skip23
50,skip24
50,skip25
50,skip26
50,skip27
50,skip28
50,skip29
50,skip30
49,virusx2024
49,Tatar safa
49,Yellow Speedo
49,Béarn
49,Michael Breizh
49,Pyton
49,BENJI
49,yespa31
49,Freddy Flax
49,lanyh28
49,Zubushhko
49,budda 84
49,harshsree
49,LuismiLM
49,Holess
49,Hicio
49,Tkssc
49,Pikachu
49,Vehaboman
49,Killercrew1
49,ItsLinnaa
49,xTc Neeko
49,Atesz26
49,Aegirrr
49,Playfree
49,joki101
49,Luffeleif
49,B O R I S
49,willempju
49,JusteClem
48,JusteClem
48,poulli
48,Pikachu
48,Yellow Speedo
48,lanyh28
48,Justas 914
48,CrazyFoxUK
48,Freddy Flax
48,Smika
48,ItsLinnaa
48,SergeantLoki
48,Walker0316
48,Atesz26
48,willempju
48,Qoro
48,LuismilM
48,Mordenor
48,Vehaboman
48,Tatar safa
48,Béarn
48,LianneS
48,Killercrew1
48,Annas7592
48,JASEM 2024
48,grund z
48,budda 84
48,joki101
48,Pyton
48,Painspp
48,tenore79
47,skip1
47,skip2
47,skip3
47,skip4
47,skip5
47,skip6
47,skip7
47,skip8
47,skip9
47,skip10
47,skip11
47,skip12
47,skip13
47,skip14
47,skip15
47,skip16
47,skip17
47,skip18
47,skip19
47,skip20
47,skip21
47,skip22
47,skip23
47,skip24
47,skip25
47,skip26
47,skip27
47,skip28
47,skip29
47,skip30
46,skip1
46,skip2
46,skip3
46,skip4
46,skip5
46,skip6
46,skip7
46,skip8
46,skip9
46,skip10
46,skip11
46,skip12
46,skip13
46,skip14
46,skip15
46,skip16
46,skip17
46,skip18
46,skip19
46,skip20
46,skip21
46,skip22
46,skip23
46,skip24
46,skip25
46,skip26
46,skip27
46,skip28
46,skip29
46,skip30
45,skip1
45,skip2
45,skip3
45,skip4
45,skip5
45,skip6
45,skip7
45,skip8
45,skip9
45,skip10
45,skip11
45,skip12
45,skip13
45,skip14
45,skip15
45,skip16
45,skip17
45,skip18
45,skip19
45,skip20
45,skip21
45,skip22
45,skip23
45,skip24
45,skip25
45,skip26
45,skip27
45,skip28
45,skip29
45,skip30
44,LuismiLM
44,SergeantLoki
44,Subtill
44,Subothaix
44,Apa azert iszik mert
44,The White Death1
44,jmcro
44,Tatar safa
44,ReNTaK
44,LianneS
44,ItsLinnaa
44,Qoro
44,grund z
44,GimlyR
44,verderet
44,Painspp
44,Jason vodB
44,Vehaboman
44,Marv x
44,Hadrons1
44,Yellow Speedo
44,Hicio
44,HUBBA
44,VolC
44,poulli
44,Freddy Flax
44,Walker0316
44,LongliveOzzy
44,mohmmad48
44,Luffeleif
43,GimlyR
43,jmcro
43,Freddy Flax
43,LuismiLM
43,Tom5791
43,JASEM 2024
43,Michael Breizh
43,Hadrons1
43,xTc Neeko
43,Pikachu
43,ItsLinnaa
43,Killercrew1
43,Toni Montano
43,Dangler Danger
43,Tristarr
43,Justas 914
43,Luffeleif
43,Jason vodB
43,camouflage 128
43,HUSSEIN
43,verderet
43,The White Death1
43,grund z
43,Alka
43,willempju
43,Vehaboman
43,poulli
43,tenore79
43,Yellow Speedo
43,Tkssc
42,VolC
42,Justas 914
42,Freddy Flax
42,Subtill
42,LuismiLM
42,willempju
42,Qoro
42,GimlyR
42,The White Death1
42,ItsLinnaa
42,budda 84
42,Tatar safa
42,HUSSEIN
42,Killercrew1
42,Maugan97
42,joki101
42,B3njii
42,verderet
42,LongliveOzzy
42,Smika
42,yespa31
42,Hadrons1
42,JaSoNBack
42,grund z
42,Walker0316
42,jmcro
42,linkan
42,Mordenor
42,Apa azert iszik mert
42,HUBBA
40,skip1
40,skip2
40,skip3
40,skip4
40,skip5
40,skip6
40,skip7
40,skip8
40,skip9
40,skip10
40,skip11
40,skip12
40,skip13
40,skip14
40,skip15
40,skip16
40,skip17
40,skip18
40,skip19
40,skip20
40,skip21
40,skip22
40,skip23
40,skip24
40,skip25
40,skip26
40,skip27
40,skip28
40,skip29
40,skip30
39,LuismiLM
39,linkan
39,Freddy Flax
39,Fildic
39,LianneS
39,ItsLinnaa
39,Tkssc
39,poulli
39,Michael Breizh
39,HUBBA
39,Yellow Speedo
39,joki101
39,Smika
39,grund z
39,Toni Montano
39,Justas 914
39,SergeantLoki
39,Marv x
39,The king 00
39,Nickv101
39,Walker0316
39,xTc Neeko
39,Pikachu
39,Honor and peace
39,Борис35
39,JamJamMusic
39,tenore79
39,ShiMer
39,Mordenor
39,Vehaboman
38,Freddy Flax
38,Justas 914
38,ItsLinnaa
38,LuismiLM
38,Fildic
38,Marv x
38,Nickv101
38,SergeantLoki
38,Neytirisa
38,Béarn
38,Hubba
38,ShiMer
38,joki101
38,grund z
38,CrniSoko
38,Tristarr
38,Michael Breizh
38,Apa azert iszik mert
38,Testplay
38,LongliveOzzy
38,Smika
38,Jason vodB
38,Ubke
38,Honor and peace
38,Vehaboman
38,Subtill
38,poulli
38,SuDrAn
38,yespa31
38,Walker0316
37,Fildic
37,Freddy Flax
37,Ubke
37,Bogdan11711
37,ItsLinnaa
37,Justas 914
37,katsing
37,Smika
37,Tatar safa
37,Pikachu
37,Annas7592
37,Jason vodB
37,LuismiLM
37,poulli
37,Locopuff
37,ShiMer
37,Gogо
37,Qoro
37,Tristarr
37,Luison III
37,Michael Breizh
37,joki101
37,Subtill
37,Aston Villa Fan
37,Tkssc
37,Mayak Echo
37,Борис35
37,Apa azert iszik mert
37,grund z
37,DSUPREMER
36,Freddy Flax
36,Apa azert iszik mert
36,Smika
36,Hubba
36,grund z
36,SergeantLoki
36,LuismiLM
36,Fildic
36,poulli
36,ItsLinnaa
36,Yellow Speedo
36,Jason vodB
36,Pikachu
36,Bogdan11711
36,RRGM
36,Tkssc
36,Marv x
36,ShiMer
36,joki101
36,otto9due
36,yespa31
36,just Vik
36,Justas 914
36,Qoro
36,Gogo
36,Vehaboman
36,xTc Neeko
36,Annas7592
36,SuDrAn
36,Aegirrr
35,Freddy Flax
35,Pikachu
35,LuismiLM
35,joki101
35,Fildic
35,poulli
35,Tatar safa
35,Michael Breizh
35,Toni montano
35,ItsLinnaa
35,Luison III
35,Борис35
35,Maugan97
35,Qoro
35,Schwarzkoph
35,Walker0316
35,Subtill
35,Aston Villa Fan
35,The king 00
35,Smika
35,Locopuff
35,Nickv101
35,Yellow Speedo
35,JamJamMusic
35,JohnnyBly
35,LianneS
35,Gogo
35,Hubba
35,ShiMer
35,RRGM
34,Freddy Flax
34,Michael Breizh
34,poulli
34,LuismiLM
34,Maugan97
34,Fildic
34,VolC
34,Justas 914
34,RRGM
34,gülserenn
34,Yellow Speedo
34,Béarn
34,yespa31
34,ItsLinnaa
34,Luison III
34,LianneS
34,Locopuff
34,Gogo
34,JohnnyBly
34,Pikachu
34,Honor and peace
34,SuDrAn
34,ShiMer
34,Tatar safa
34,Apa azert iszik mert
34,linkan
34,just Vik
34,LongliveOzzy
34,Tristarr
34,Nickv101
33,Freddy Flax
33,CrniSoko
33,LuismiLM
33,Fildic
33,Pikachu
33,poulli
33,RRGM
33,just Vik
33,Aston Villa Fan
33,Yellow Speedo
33,Walker0316
33,Justas 914
33,Subtill
33,SergeantLoki
33,Qoro
33,Jason vodB
33,Michael Breizh
33,Hubba
33,joki101
33,Smika
33,21
33,22
33,Nickv101
33,JohnnyBly
33,LianneS
33,ItsLinnaa
33,Vehaboman
33,ShiMer
33,Emma8501
33,Gogo
32,Hubba
32,Apa azert iszik mert
32,Yellow Speedo
32,LianneS
32,Justas 914
32,Fildic
32,ItsLinnaa
32,Smika
32,Freddy Flax
32,Nickv101
32,grund z
32,xTc Neeko
32,Tatar safa
32,Mayak Echo
32,poulli
32,Jason vodB
32,Walker0316
32,ShiMer
32,LuismiLM
32,Vehaboman
32,Subtill
32,Maugan97
32,Pikachu
32,RRGM
32,Béarn
32,Emma8501
32,Qoro
32,Locopuff
32,joki101
32,Ubke
31,Smika
31,Fildic
31,Freddy Flax
31,ItsLinnaa
31,RRGM
31,xTc Neeko
31,LuismiLM
31,Qoro
31,poulli
31,Hubba
31,Maugan97
31,Emma8501
31,Justas 914
31,Vehaboman
31,Tkssc
31,Pikachu
31,Locopuff
31,Tatar safa
31,Apa azert iszik mert
31,linkan
31,grund z
31,ShiMer
31,Nickv101
31,Subtill
31,gülserenn
31,otto9due
31,JohnnyBly
31,Testplay
31,joki101
31,LianneS
30,Justas 914
30,Yellow Speedo
30,Freddy Flax
30,Tatar safa
30,Hubba
30,poulli
30,SuDrAn
30,Smika
30,LuismiLM
30,grund z
30,Fildic
30,ItsLinnaa
30,joki101
30,Pikachu
30,RRGM
30,Walker0316
30,Marv x
30,Aegirrr
30,Qoro
30,Subtill
30,yespa31
30,Nickv101
30,Apa azert iszik mert
30,Toni Montano
30,gülserenn
30,Locopuff
30,Tristarr
30,Tkssc
30,Luison III
30,DonPony
29,Justas 914
29,Hubba
29,Freddy Flax
29,Locopuff
29,Subtill
29,Pikachu
29,MONSTER6g
29,poulli
29,Apa azert iszik mert
29,joki101
29,LuismiLM
29,ItsLinnaa
29,SergeantLoki
29,Vehaboman
29,CrniSoko
29,Ubke
29,Mayak Echo
29,just Vik
29,Michael Breizh
29,Walker0316
29,Tatar safa
29,grund z
29,Marv x
29,Smika
29,ShiMer
29,Luison III
29,Neytirisa
29,xTc Neeko
29,MattmanForever
29,yespa31
28,Pikachu
28,ItsLinnaa
28,Freddy Flax
28,SergeantLoki
28,Locopuff
28,Fildic
28,Béarn
28,RRGM
28,Hubba
28,Yellow Speedo
28,poulli
28,Justas 914
28,Smika
28,LianneS
28,gülserenn
28,Maugan97
28,Mayak Echo
28,Nickv101
28,LuismiLM
28,xTc Neeko
28,Vehaboman
28,Walker0316
28,Subtill
28,Tatar safa
28,joki101
28,otto9due
28,SuDrAn
28,Apa azert iszik mert
28,Qoro
28,Testplay
27,Pikachu
27,Freddy Flax
27,ItsLinnaa
27,Qoro
27,Tatar safa
27,Fildic
27,Yellow Speedo
27,SergeantLoki
27,Hubba
27,LuismiLM
27,Michael Breizh
27,Tkssc
27,grund z
27,Aegirrr
27,poulli
27,MONSTER6g
27,19Chappers93
27,Smika
27,Mayak Echo
27,Nickv101
27,Béarn
27,ShiMer
27,CrniSoko
27,Walker0316
27,LianneS
27,yespa31
27,Justas 914
27,Testplay
27,Annas7592
27,Marv x