54,MONDAY,Freddy Flax
54,TUESDAY,Mordenor
54,WEDNESDAY,Justas 914
54,THURSDAY,Tristarr
54,FRIDAY,poulli
54,SATURDAY,harshsree
54,SUNDAY,Yellow Speedo
53,MONDAY,Mamasita Armata
53,TUESDAY,JusteClem
53,WEDNESDAY,grund z
53,THURSDAY,Subtill
53,FRIDAY,MFker RR
53,SATURDAY,Papasito mathewro
53,SUNDAY,JASON FOREVER
52,MONDAY,Testplay
52,TUESDAY,Marv x
52,WEDNESDAY,Tatar safa
52,THURSDAY,Tkssc
52,FRIDAY,Qoro
52,SATURDAY,Killercrew1
52,SUNDAY,GimlyR
51,MONDAY,yespa31
51,TUESDAY,Pikachu
51,WEDNESDAY,linkan
51,THURSDAY,CrazyFoxUK
51,FRIDAY,Ubke
51,SATURDAY,xTc Neeko
51,SUNDAY,Subothaix
50,MONDAY,JASEM 2024
50,TUESDAY,Zubushhko
50,WEDNESDAY,ItsLinnaa
50,THURSDAY,lanyh28
50,FRIDAY,ReNTaK
50,SATURDAY,Smika
50,SUNDAY,Relaxing Eevee
49,MONDAY,Hicio
49,TUESDAY,Michael Breizh
49,WEDNESDAY,harshsree
49,THURSDAY,Vehaboman
49,FRIDAY,BENJI
49,SATURDAY,joki101
49,SUNDAY,Luffeleif
48,MONDAY,Béarn  mvm o
48,TUESDAY,Mordenor
48,WEDNESDAY,Yellow Speedo
48,THURSDAY,LuismilM
48,FRIDAY,Walker0316
48,SATURDAY,JusteClem
48,SUNDAY,willempju
47,MONDAY,Boris
47,TUESDAY,diearchers
47,WEDNESDAY,Killercrew1
47,THURSDAY,budda 84
47,FRIDAY,Justas 914
47,SATURDAY,PlayFree
47,SUNDAY,Freddy Flax
46,MONDAY,LianneS
46,TUESDAY,Kevin
46,WEDNESDAY,Atesz26
46,THURSDAY,Maugan97
46,FRIDAY,KWest
46,SATURDAY,Qoro
46,SUNDAY,Subtill
45,MONDAY,Cold Harbor
45,TUESDAY,LJ Mc
45,WEDNESDAY,Mayak Echo
45,THURSDAY,DSUPREMER
45,FRIDAY,SuDrAn
45,SATURDAY,Atilla
45,SUNDAY,Masillia13
44,MONDAY,verderet
44,TUESDAY,Vehaboman
44,WEDNESDAY,poulli
44,THURSDAY,grund z
44,FRIDAY,Marv x
44,SATURDAY,Jason vodB
44,SUNDAY,ItsLinnaa
43,MONDAY,JASEM 2024
43,TUESDAY,The White Death1
43,WEDNESDAY,Hadrons1
43,THURSDAY,Dangler Danger
43,FRIDAY,xTc Neeko
43,SATURDAY,HUSSEIN
43,SUNDAY,LuismiLM
42,MONDAY,VolC
42,TUESDAY,Killercrew1
42,WEDNESDAY,willempju
42,THURSDAY,jmcro
42,FRIDAY,HUBBA
42,SATURDAY,budda 84
42,SUNDAY,Tatar safa
40,MONDAY,Apa azert iszik mert
40,TUESDAY,diearchers
40,WEDNESDAY,GimlyR
40,THURSDAY,just Vik
40,FRIDAY,Josh Son of Lucifer
40,SATURDAY,The king 00
40,SUNDAY,Luffeleif
39,MONDAY,Mordenor
39,TUESDAY,tenore79
39,WEDNESDAY,Toni Montano
39,THURSDAY,ItsLinnaa
39,FRIDAY,SergeantLoki
39,SATURDAY,Yellow Speedo
39,SUNDAY,Nickv101
38,MONDAY,Subtill
38,TUESDAY,Honor and peace
38,WEDNESDAY,Freddy Flax
38,THURSDAY,LuismiLM
38,FRIDAY,Smika
38,SATURDAY,LongliveOzzy
38,SUNDAY,CrniSoko
37,MONDAY,Борис35
37,TUESDAY,Fildic
37,WEDNESDAY,grund z
37,THURSDAY,Annas7592
37,FRIDAY,joki101
37,SATURDAY,Ubke
37,SUNDAY,Qoro
36,MONDAY,Justas 914
36,TUESDAY,SuDrAn
36,WEDNESDAY,xTc Neeko
36,THURSDAY,just Vik
36,FRIDAY,Vehaboman
36,SATURDAY,otto9due
36,SUNDAY,Tkssc
35,MONDAY,Hubba
35,TUESDAY,The king 00
35,WEDNESDAY,poulli
35,THURSDAY,JamJamMusic
35,FRIDAY,Locopuff
35,SATURDAY,Tatar safa
35,SUNDAY,Walker0316
34,MONDAY,Pikachu
34,TUESDAY,yespa31
34,WEDNESDAY,Gogo
34,THURSDAY,Luison III
34,FRIDAY,Béarn
34,SATURDAY,Apa azert iszik mert
34,SUNDAY,ShiMer
33,MONDAY,Smika
33,TUESDAY,ItsLinnaa
33,WEDNESDAY,SergeantLoki
33,THURSDAY,Yellow Speedo
33,FRIDAY,Jason vodB
33,SATURDAY,Aston Villa Fan
33,SUNDAY,Michael Breizh
32,MONDAY,LianneS
32,TUESDAY,Fildic
32,WEDNESDAY,Maugan97
32,THURSDAY,Qoro
32,FRIDAY,Nickv101
32,SATURDAY,LuismilM
32,SUNDAY,RRGM
31,MONDAY,linkan
31,TUESDAY,Justas 914
31,WEDNESDAY,gülserenn
31,THURSDAY,Subtill
31,FRIDAY,Emma8501
31,SATURDAY,JohnnyBly
31,SUNDAY,xTc Neeko
30,MONDAY,grund z
30,TUESDAY,Tkssc
30,WEDNESDAY,Tristarr
30,THURSDAY,Hubba
30,FRIDAY,poulli
30,SATURDAY,Freddy Flax
30,SUNDAY,Locopuff
29,MONDAY,Walker0316
29,TUESDAY,MattmanForever
29,WEDNESDAY,xTc Neeko
29,THURSDAY,CrniSoko
29,FRIDAY,joki101
29,SATURDAY,just Vik
29,SUNDAY,Vehaboman
28,MONDAY,Pikachu
28,TUESDAY,ItsLinnaa
28,WEDNESDAY,Béarn
28,THURSDAY,otto9due
28,FRIDAY,Smika
28,SATURDAY,Tatar safa
28,SUNDAY,SuDrAn
27,MONDAY,Marv x
27,TUESDAY,Testplay
27,WEDNESDAY,19Chappers93
27,THURSDAY,SergeantLoki
27,FRIDAY,Aegirrr
27,SATURDAY,ShiMer
27,SUNDAY,Fildic